{
   "9f3b3fcd-bf72-468b-9b0e-9f5aaf5dd961": {
      "resourceKinds": [{
         "resourceKindKey": "VirtualMachine",
         "adapterKindKey": "VMWARE"
      }],
      "modificationTime": 1763024032668,
      "name": "CE - VM CO2 Emissions Hourly",
      "formula": "(${THIS, metric=power|energy_summation_sum_hourly, depth=1})*0.709",
      "description": "Hourly CO2 Emissions for the VM, using global average value of 0.709 as the Emissions factor",
      "unitId": "g",
      "modifiedBy": "0fca6fa0-686e-4ceb-a5bd-a34f1637736f"
   },
   "2072a2a8-ed23-457c-8605-e6f5f6ef9d81": {
      "resourceKinds": [{
         "resourceKindKey": "Department",
         "adapterKindKey": "Container"
      }],
      "modificationTime": 1763023994219,
      "name": "CE - Count of Idle VMs",
      "formula": "count(${adaptertype=VMWARE, objecttype=VirtualMachine, metric=summary|idle, depth=2, where=($value==1)})",
      "description": "Count of child Idle VMs",
      "unitId": "",
      "modifiedBy": "0fca6fa0-686e-4ceb-a5bd-a34f1637736f"
   },
   "d52030bc-c3f3-4c85-ba0e-027631263109": {
      "resourceKinds": [
         {
            "resourceKindKey": "Department",
            "adapterKindKey": "Container"
         },
         {
            "resourceKindKey": "VirtualMachine",
            "adapterKindKey": "VMWARE"
         }
      ],
      "modificationTime": 1763024005791,
      "name": "CE - Total Energy Consumption Hourly",
      "formula": "sum(${adaptertype=VMWARE, objecttype=VirtualMachine, metric=power|energy_summation_sum_hourly, depth=2})",
      "description": "Total Energy consumed by all the child VMs (Wh)",
      "unitId": "wh",
      "modifiedBy": "0fca6fa0-686e-4ceb-a5bd-a34f1637736f"
   },
   "b04192e3-fe0f-4513-a134-99e9d7d28876": {
      "resourceKinds": [{
         "resourceKindKey": "Department",
         "adapterKindKey": "Container"
      }],
      "modificationTime": 1763024021121,
      "name": "CE - Count of Oversized VMs",
      "formula": "count(${adaptertype=VMWARE, objecttype=VirtualMachine, metric=summary|oversized, depth=2, where=($value ==1)})",
      "description": "Count of child Oversized VMs",
      "unitId": "",
      "modifiedBy": "0fca6fa0-686e-4ceb-a5bd-a34f1637736f"
   },
   "26c2963d-37cd-4e3f-958b-d718ff8fd1ff": {
      "resourceKinds": [{
         "resourceKindKey": "Department",
         "adapterKindKey": "Container"
      }],
      "modificationTime": 1763023983123,
      "name": "CE - Total CO2 Emissions Hourly",
      "formula": "sum(${adaptertype=VMWARE, objecttype=VirtualMachine, metric=Super Metric|sm_9f3b3fcd-bf72-468b-9b0e-9f5aaf5dd961, depth=2})",
      "description": "Sum of Hourly CO2 emissions from all child VMs in grams",
      "unitId": "g",
      "modifiedBy": "0fca6fa0-686e-4ceb-a5bd-a34f1637736f"
   }
}